Name,Sport,City,Area,Latitude,Longitude,Information
FUMU Sports Site - Kampala Central,Football,Kampala,Central,0.3136,32.5811,Community football training and youth practice area.
FUMU Sports Site - Rubaga,Football,Kampala,Rubaga,0.3005,32.5485,Football activities for community youth.
FUMU Sports Site - Nakawa,Football,Kampala,Nakawa,0.3476,32.6384,Football practice and community sports activities.
FUMU Sports Site - Makindye,Football,Kampala,Makindye,0.2857,32.5667,Community football practice location.
FUMU Sports Site - Kira,Football,Kira,Wakiso,0.4030,32.6330,Youth football training location.
FUMU Sports Site - Entebbe,Football,Entebbe,Wakiso,0.0512,32.4637,Community football and youth training area.
FUMU Sports Site - Kololo,Basketball,Kampala,Central,0.3410,32.5940,Basketball practice and youth development area.
FUMU Sports Site - Ntinda,Basketball,Kampala,Nakawa,0.3650,32.6120,Community basketball activities.
FUMU Sports Site - Bugolobi,Basketball,Kampala,Nakawa,0.3230,32.6200,Basketball practice and community recreation.
FUMU Sports Site - Kisenyi,Basketball,Kampala,Central,0.3070,32.5650,Youth basketball practice location.
FUMU Sports Site - Mukono,Basketball,Mukono,Mukono,0.3533,32.7553,Community basketball activities.
FUMU Sports Site - Jinja,Basketball,Jinja,Jinja,0.4479,33.2026,Basketball practice and youth activities.
FUMU Sports Site - Lugogo,Tennis,Kampala,Nakawa,0.3400,32.6130,Tennis practice and skills development.
FUMU Sports Site - Muyenga,Tennis,Kampala,Makindye,0.2880,32.6020,Community tennis practice location.
FUMU Sports Site - Kansanga,Tennis,Kampala,Makindye,0.2790,32.5960,Tennis training and community recreation.
FUMU Sports Site - Kanyanya,Tennis,Kampala,Kawempe,0.3790,32.5600,Youth tennis practice area.
FUMU Sports Site - Mbarara,Tennis,Mbarara,Mbarara,-0.6072,30.6545,Community tennis activities.
FUMU Sports Site - Fort Portal,Tennis,Fort Portal,Kabarole,0.6710,30.2750,Tennis practice and youth development.
FUMU Sports Site - Namboole,Athletics,Kampala,Nakawa,0.3520,32.6380,Athletics and running practice location.
FUMU Sports Site - Kawempe,Athletics,Kampala,Kawempe,0.3830,32.5520,Community running and athletics activities.
FUMU Sports Site - Masaka,Athletics,Masaka,Masaka,-0.3338,31.7341,Athletics training and community recreation.
FUMU Sports Site - Mbale,Athletics,Mbale,Mbale,1.0821,34.1750,Athletics and youth training activities.
FUMU Sports Site - Gulu,Athletics,Gulu,Gulu,2.7746,32.2990,Community athletics activities.
FUMU Sports Site - Arua,Athletics,Arua,Arua,3.0303,30.9110,Athletics practice and youth development.